Id,Latitude,Longitude
0,9.0222354,38.8086219
1,9.012946,38.8105187
2,9.0261409,38.8083042
3,9.014524,38.8113109
4,9.0261819,38.8083243
5,9.0222355,38.8103332
6,9.013385,38.8107811
7,9.0208638,38.8024919
8,9.0126558,38.8103516
9,9.025223,38.8089895
10,9.0136607,38.8109285
11,9.0225236,38.8095099
12,9.0134894,38.8108383
13,9.0222167,38.8092946
14,9.0161674,38.8104308
15,9.0156045,38.8106823
16,9.0187459,38.8113303
17,9.0167337,38.8107035
18,9.0248005,38.8064817
19,9.0237912,38.8031048
20,9.0222419,38.8090002
21,9.0250203,38.8060632
22,9.0249528,38.8060069
23,9.0214089,38.8024156
24,9.0221654,38.8113678
25,9.014988,38.8115469
26,9.0227064,38.8062483
27,9.0217322,38.8026734
28,9.0221827,38.8110754
29,9.0148717,38.8115282
30,9.0223303,38.8056596
31,9.022099,38.8086491
32,9.0153362,38.8115579
33,9.0223303,38.8051794
34,9.0221143,38.8115535
35,9.015119,38.8115515
36,9.0223303,38.8056032
37,9.0220918,38.8120261
38,9.0154855,38.8115633
39,9.0214108,38.8010437
40,9.0218495,38.804694
41,9.0212455,38.8022603
42,9.0144676,38.8113517
43,9.0216652,38.8141442
44,9.0142495,38.811248
45,9.0147766,38.8114931
46,9.0146633,38.8114445
47,9.0233268,38.8067949
48,9.0230733,38.8063636
49,9.0238283,38.806538
50,9.0222063,38.8108382
51,9.0226031,38.8054825
52,9.0221798,38.8112602
53,9.0229117,38.805795
54,9.0190243,38.8018903
55,9.0217389,38.8093939
56,9.0175347,38.7982519
57,9.0216439,38.8087272
58,9.0172209,38.7982312
59,9.0215206,38.8025061
60,9.0226814,38.8141146
61,9.0215701,38.8094161
62,9.0175115,38.799423
63,9.0227588,38.802468
64,9.0214872,38.8087602
65,9.0227825,38.8143888
66,9.0161437,38.8020795
67,9.0229406,38.8024063
68,9.0162004,38.7993474
69,9.0235475,38.799638
70,9.0230082,38.8023851
71,9.0230157,38.8167652
72,9.0173647,38.8019179
73,9.0243382,38.8010743
74,9.0235382,38.7995937
75,9.0232532,38.802324
76,9.0228435,38.8146345
77,9.0163197,38.8024877
78,9.0219534,38.8027586
79,9.0220709,38.8027269
80,9.0222518,38.8026831
81,9.0223988,38.8026316
82,9.0172639,38.7976428
83,9.0218607,38.8027311
84,9.0221685,38.8142817
85,9.0222936,38.8156474
86,9.0221071,38.8116829
87,9.0220663,38.8093463
88,9.0235164,38.7994697
89,9.0219713,38.8086731
90,9.021948,38.8093642
91,9.0217909,38.8118858
92,9.0217933,38.8086984
93,9.0220979,38.811875
94,9.0178143,38.8055028
95,9.0242614,38.8011186
96,9.0173997,38.8052964
97,9.0234945,38.8006103
98,9.0143453,38.8104273
99,9.0247448,38.8008423
100,9.0141447,38.8103469
101,9.024615,38.8009818
102,9.0230951,38.8033248
103,9.0149136,38.8107117
104,9.0231885,38.8031664
105,9.0147572,38.8106317
106,9.0232892,38.8029411
107,9.0217712,38.8144426
108,9.0150813,38.8103853
109,9.0241714,38.8028044
110,9.0169927,38.8025019
111,9.0230585,38.8027622
112,9.0230216,38.802854
113,9.0229623,38.8029999
114,9.0173173,38.8021061
115,9.0231687,38.8025428
116,9.0175398,38.8050277
117,9.0231027,38.8026681
118,9.0170946,38.8051215
119,9.0195388,38.8115353
120,9.0204597,38.8151325
121,9.0190406,38.8208032
122,9.0189684,38.8199606
123,9.0206652,38.8120747
124,9.0241144,38.800047
125,9.0207658,38.8136597
126,9.0207006,38.8117105
127,9.0238137,38.8001758
128,9.0236561,38.8001637
129,9.0200176,38.8016172
130,9.0226739,38.8087057
131,9.0226205,38.8086262
132,9.0226462,38.8055417
133,9.0226485,38.8087706
134,9.0225994,38.8088125
135,9.0138626,38.811043
136,9.0189945,38.7987633
137,9.0225885,38.8054219
138,9.0225895,38.8085909
139,9.0225443,38.8088411
140,9.0225013,38.8094428
141,9.0225367,38.8085759
142,9.0225144,38.8096043
143,9.0157631,38.8015384
144,9.0157188,38.8013009
145,9.0229869,38.8140349
146,9.0230265,38.8152222
147,9.0194354,38.8016985
148,9.0200077,38.8015845
149,9.022493,38.804852
150,9.0175881,38.8114614
151,9.0174003,38.8115315
152,9.0224707,38.8096549
153,9.0179155,38.8113064
154,9.0191371,38.8018776
155,9.0178217,38.8113461
156,9.0224251,38.8085917
157,9.0224381,38.8093496
158,9.0222808,38.8089362
159,9.0158465,38.8115648
160,9.0147767,38.8114291
161,9.0168047,38.8115726
162,9.0164195,38.8115749
163,9.0172794,38.8115589
164,9.0170975,38.8115726
165,9.0214046,38.8048757
166,9.0177814,38.8112884
167,9.0223521,38.8097308
168,9.0182232,38.8112326
169,9.0222471,38.8089577
170,9.0158517,38.811495
171,9.0222617,38.8090572
172,9.0200113,38.8016899
173,9.0222537,38.8098129
174,9.0179885,38.8112893
175,9.0184484,38.8113419
176,9.0182214,38.8112986
177,9.0190301,38.8114769
178,9.0187464,38.8113998
179,9.0198284,38.8116947
180,9.0195476,38.8116229
181,9.0238286,38.8062763
182,9.0223749,38.8092448
183,9.0195305,38.7987843
184,9.015505,38.800896
185,9.0156335,38.8006237
186,9.0155487,38.8006318
187,9.0179143,38.8007967
188,9.0147985,38.8015173
189,9.0157725,38.8016336
190,9.0140308,38.8006023
191,9.0142076,38.8006163
192,9.0141964,38.8010717
193,9.0160918,38.8011467
194,9.0129526,38.8117229
195,9.0200635,38.798304
196,9.0132302,38.8111676
197,9.0237117,38.8106941
198,9.0235964,38.8097411
199,9.0235372,38.8095576
200,9.0234612,38.8097329
201,9.0234312,38.8101094
202,9.0234127,38.8091269
203,9.0157646,38.8057722
204,9.0162295,38.8012044
205,9.0154096,38.8008101
206,9.0199527,38.7984666
207,9.0147831,38.8011038
208,9.0151679,38.8015766
209,9.0198298,38.7982065
210,9.0195943,38.799192
211,9.0159235,38.8054571
212,9.0233374,38.8097312
213,9.0233162,38.8105997
214,9.0231792,38.8092018
215,9.0231888,38.8097418
216,9.0231133,38.8101362
217,9.0230365,38.806195
218,9.0229972,38.8101729
219,9.0209339,38.804987
220,9.0229262,38.8092841
221,9.022934,38.8058537
222,9.0228656,38.8057412
223,9.0203838,38.8038192
224,9.0125936,38.8040864
225,9.0125433,38.80401
226,9.0223198,38.8158443
227,9.0123724,38.8043654
228,9.0123446,38.804466
229,9.0120347,38.8043104
230,9.0108082,38.8042755
231,9.0108903,38.8041951
232,9.0190982,38.8007335
233,9.0120943,38.8042152
234,9.0181381,38.8007984
235,9.0226955,38.8093672
236,9.0228264,38.8104577
237,9.0226882,38.8104263
238,9.0188786,38.8017395
239,9.0182799,38.8077021
240,9.0185858,38.8020788
241,9.0122864,38.8046256
242,9.0171215,38.8007398
243,9.0187686,38.8008329
244,9.0191198,38.8008205
245,9.017456,38.8020279
246,9.0174189,38.8019997
247,9.0173924,38.8019608
248,9.0160696,38.8006587
249,9.0154636,38.8006688
250,9.0147248,38.7979335
251,9.0147964,38.7977618
252,9.0146957,38.7980998
253,9.0146957,38.7980139
254,9.0149247,38.7974215
255,9.0154295,38.7977645
256,9.0226289,38.802524
257,9.0226427,38.8026368
258,9.0226203,38.8026913
259,9.0225594,38.8028035
260,9.0116413,38.8107276
261,9.0115618,38.8105828
262,9.0116943,38.8108081
263,9.0229485,38.801619
264,9.0138904,38.8129994
265,9.0145106,38.798727
266,9.0138109,38.8129592
267,9.0146825,38.7982178
268,9.0137871,38.8128412
269,9.0146613,38.7983063
270,9.0137261,38.8127942
271,9.011598,38.8041047
272,9.013795,38.8129055
273,9.0137712,38.8128103
274,9.0207481,38.8014789
275,9.0172155,38.8111333
276,9.0184257,38.797182
277,9.0135963,38.7994737
278,9.0135619,38.7995274
279,9.0170564,38.8115028
280,9.0200756,38.8115676
281,9.0125486,38.8127982
282,9.0131407,38.8128318
283,9.012705,38.8128559
284,9.0146917,38.8132046
285,9.0149637,38.8114761
286,9.0143977,38.8134983
287,9.0144427,38.8125756
288,9.0223015,38.7986957
289,9.0144255,38.813163
290,9.0157739,38.8154402
291,9.0228078,38.797459
292,9.022667,38.7973956
293,9.0225602,38.7985002
294,9.0223814,38.7974583
295,9.0153368,38.7984497
296,9.0154109,38.7978905
297,9.0151627,38.8031459
298,9.013695,38.7994516
299,9.0136374,38.7994516
300,9.0209929,38.8015223
301,9.0129333,38.7994412
302,9.0141344,38.7994608
303,9.0244323,38.8015943
304,9.0168261,38.8097624
305,9.0198616,38.8033505
306,9.019615,38.8011816
307,9.0168977,38.8111274
308,9.0198433,38.8045576
309,9.0196216,38.8017368
310,9.0156041,38.8098596
311,9.0199252,38.8013926
312,9.0198773,38.8030538
313,9.0164201,38.8110662
314,9.0264177,38.8170938
315,9.0195673,38.8014498
316,9.0210921,38.8016788
317,9.0196931,38.8022585
318,9.0195686,38.8010971
319,9.0223488,38.799866
320,9.0255806,38.8177805
321,9.0245736,38.8016212
322,9.0205925,38.7987234
323,9.0203273,38.8073724
324,9.0256919,38.8177255
325,9.0245634,38.8016098
326,9.0206402,38.7982513
327,9.0226654,38.7968973
328,9.0246455,38.79603
329,9.0245978,38.8016778
330,9.0205801,38.8078818
331,9.0149335,38.8093126
332,9.0161863,38.8115013
333,9.0127041,38.796188
334,9.0204626,38.7992964
335,9.0208885,38.8086837
336,9.0212331,38.8012379
337,9.0119976,38.8040529
338,9.0216033,38.8016071
339,9.0124797,38.8039416
340,9.0214918,38.8016196
341,9.0129129,38.8037994
342,9.0158589,38.8108147
343,9.0149341,38.8030015
344,9.0183541,38.8021432
345,9.0209783,38.7949194
346,9.0242689,38.8107857
347,9.0174878,38.8023973
348,9.0205356,38.7989962
349,9.024377,38.8015192
350,9.0206823,38.7978378
351,9.024439,38.8016015
352,9.0243859,38.8015283
353,9.0242362,38.8015256
354,9.0197812,38.8075448
355,9.0119373,38.8122967
356,9.0206207,38.7984921
357,9.0185705,38.8072976
358,9.0248736,38.7984683
359,9.0179955,38.8068475
360,9.0172053,38.8067176
361,9.0188735,38.8064544
362,9.0183954,38.8081952
363,9.0073775,38.8030293
364,9.0215342,38.7988967
365,9.020886,38.7964107
366,9.020814,38.7985829
367,9.0198396,38.8011432
368,9.0175672,38.8023897
369,9.0191175,38.802111
370,9.0145325,38.8101101
371,9.0197874,38.8012768
372,9.0163168,38.8025928
373,9.0177301,38.8022504
374,9.0249305,38.7982992
375,9.0176828,38.8020714
376,9.0183607,38.8084784
377,9.0194685,38.8065409
378,9.0194152,38.8086521
379,9.0192449,38.8014183
380,9.0158973,38.8092932
381,9.0152752,38.8104827
382,9.0128373,38.8039979
383,9.0186003,38.801895
384,9.0146057,38.8033394
385,9.0082928,38.8035524
386,9.0111199,38.8042862
387,9.0093568,38.8039845
388,9.0196774,38.8012379
389,9.0124888,38.8122518
390,9.0122936,38.8122754
391,9.0171137,38.8091444
392,9.0176482,38.8080499
393,9.0186132,38.8038066
394,9.0134864,38.8005754
395,9.0192078,38.8051492
396,9.0118718,38.8004132
397,9.019272,38.805639
398,9.0135321,38.7997212
399,9.0133652,38.8005654
400,9.0177952,38.8075217
401,9.0175363,38.8084237
402,9.0215197,38.8048522
403,9.0183118,38.8086869
404,9.0204357,38.8032406
405,9.0211846,38.8014498
406,9.0205726,38.8087817
407,9.0210601,38.8014418
408,9.020962,38.8014431
409,9.0213031,38.8000229
410,9.0214256,38.8000403
411,9.0181017,38.8063563
412,9.0185799,38.8055698
413,9.0201678,38.8005197
414,9.022423,38.8039208
415,9.0215581,38.8097915
416,9.0224495,38.8037103
417,9.0215138,38.8101552
418,9.0226131,38.802986
419,9.0213713,38.8000477
420,9.0223846,38.8039859
421,9.0181359,38.8038278
422,9.0229075,38.8031536
423,9.0206759,38.8012031
424,9.0213157,38.8028701
425,9.0213475,38.8027963
426,9.0210223,38.8020513
427,9.0212826,38.8030303
428,9.0220124,38.8003896
429,9.0187638,38.8064365
430,9.0191079,38.804643
431,9.021331,38.7982142
432,9.0219344,38.7982179
433,9.0204362,38.8039818
434,9.0201051,38.7982363
435,9.0203143,38.8034964
436,9.0209634,38.8054624
437,9.0204653,38.8031732
438,9.0190016,38.805619
439,9.0204283,38.8030927
440,9.0184535,38.8064023
441,9.0203978,38.803373
442,9.0163938,38.7981467
443,9.0163209,38.7981239
444,9.0194733,38.7985866
445,9.0152732,38.7990841
446,9.0182049,38.7994539
447,9.0221938,38.8001377
448,9.0211651,38.818579
449,9.020503,38.8072642
450,9.0148705,38.8108201
451,9.0204194,38.8096449
452,9.018811,38.8101643
453,9.0205925,38.8096547
454,9.018864,38.8101201
455,9.0208786,38.8096413
456,9.0211978,38.8095743
457,9.0207435,38.8096628
458,9.0210005,38.8096252
459,9.0167802,38.80231
460,9.0157705,38.801706
461,9.0213541,38.8108557
462,9.0197123,38.8132812
463,9.0164308,38.7971154
464,9.0164653,38.7971905
465,9.0148758,38.8114572
466,9.0151672,38.811492
467,9.0154017,38.8114947
468,9.0135778,38.8108839
469,9.0133751,38.810503
470,9.0143195,38.8104285
471,9.0143752,38.8104071
472,9.0178424,38.8054565
473,9.0204679,38.8030131
474,9.0203236,38.8037726
475,9.0205633,38.8028231
476,9.0215822,38.8189331
477,9.0207757,38.8024578
478,9.0194475,38.8012578
479,9.0169727,38.8022414
480,9.0183018,38.8045262
481,9.0204249,38.8041394
482,9.0230693,38.8031705
483,9.0203408,38.8038776
484,9.0233687,38.8039215
485,9.0144923,38.80316
486,9.017411,38.8062572
487,9.0203135,38.803666
488,9.023921,38.8029049
489,9.0203737,38.8032208
490,9.0230548,38.8029492
491,9.0113014,38.8041255
492,9.021843,38.8181267
493,9.0235674,38.8073051
494,9.0127817,38.8038455
495,9.0224476,38.8183831
496,9.0255938,38.7999371
497,9.0231745,38.8070353
498,9.0199888,38.8017949
499,9.0218749,38.8191282
500,9.0258724,38.8002627
501,9.0119536,38.8042388
502,9.0235974,38.8001642
503,9.019476,38.8020553
504,9.0192341,38.8018595
505,9.0211509,38.8069706
506,9.019888,38.8095111
507,9.0210352,38.8061421
508,9.0209827,38.805654
509,9.0209345,38.8053068
510,9.0214121,38.8088286
511,9.0213126,38.8080797
512,9.0202318,38.809637
513,9.0188155,38.7989481
514,9.0206561,38.8028339
515,9.0204051,38.8039
516,9.0208697,38.805083
517,9.0199451,38.8110194
518,9.0207631,38.8048159
519,9.0203733,38.8037143
520,9.0199173,38.8087979
521,9.0194808,38.8023732
522,9.0195932,38.803036
523,9.0195915,38.8033652
524,9.0197874,38.8020264
525,9.0198095,38.8030873
526,9.0194388,38.8009835
527,9.020614,38.8045391
528,9.0190708,38.8001296
529,9.0192402,38.8010708
530,9.02127,38.8115353
531,9.0213055,38.8112028
532,9.0209239,38.8183328
533,9.021202,38.8124083
534,9.0212209,38.8120899
535,9.021246,38.8117559
536,9.021435,38.8101048
537,9.0214812,38.80977
538,9.0214839,38.80942
539,9.0223061,38.8173923
540,9.0193457,38.801315
541,9.016016,38.8090574
542,9.024425,38.79924
543,9.0218467,38.8149465
544,9.0126864,38.8121299
545,9.0217388,38.8146516
546,9.0215593,38.8140935
547,9.0127494,38.8120514
548,9.0244666,38.7990889
549,9.0214542,38.8137814
550,9.0220301,38.8153772
551,9.0219123,38.8151143
552,9.0245128,38.7989561
553,9.0245573,38.7988315
554,9.0166409,38.8025691
555,9.0213571,38.8134627
556,9.0213294,38.8133406
557,9.0165375,38.8024029
558,9.0212713,38.8131004
559,9.0212146,38.8127632
560,9.0212212,38.8013131
561,9.0246354,38.7986934
562,9.023816,38.8184179
563,9.0237056,38.8183137
564,9.023521,38.8177388
565,9.0234152,38.8175724
566,9.0203582,38.8088993
567,9.020199,38.8066553
568,9.0219887,38.81506
569,9.0222189,38.8156923
570,9.0214661,38.8010284
571,9.0232209,38.8172469
572,9.0216943,38.8015643
573,9.024695,38.7986
574,9.0230296,38.8169372
575,9.0217887,38.8012106
576,9.0227964,38.8165688
577,9.0225439,38.8161817
578,9.0161924,38.8077906
579,9.0203274,38.8033873
580,9.0203712,38.803634
581,9.0203797,38.803483
582,9.0205022,38.8041264
583,9.0213,38.8127509
584,9.0215462,38.8137849
585,9.0206708,38.8044643
586,9.0210227,38.8053225
587,9.0213592,38.8114472
588,9.0214064,38.8110784
589,9.0240498,38.8013113
590,9.0132122,38.8021955
591,9.0120387,38.8075277
592,9.0194115,38.8016227
593,9.010534,38.8079126
594,9.0212545,38.8014603
595,9.0200335,38.8015218
596,9.0213326,38.8010887
597,9.0190843,38.8204923
598,9.0218089,38.8012944
599,9.0131526,38.8105921
600,9.0133539,38.8106196
601,9.0160673,38.8025814
602,9.012493,38.8091344
603,9.0124479,38.8091223
604,9.0128896,38.8096215
605,9.0126638,38.8095085
606,9.0209509,38.808877
607,9.0125632,38.8091317
608,9.0177315,38.8021431
609,9.0123035,38.8041695
610,9.0126413,38.8095045
611,9.0126254,38.8095166
612,9.0125658,38.8096078
613,9.0184543,38.8017496
614,9.0226128,38.8119006
615,9.0225405,38.8119729
616,9.0166157,38.8115032
617,9.0224408,38.8129616
618,9.0166138,38.8115731
619,9.0222318,38.8074967
620,9.0222297,38.8079277
621,9.0222577,38.7993694
622,9.0226884,38.8083975
623,9.0226551,38.8109219
624,9.0163586,38.8045684
625,9.0226471,38.8108794
626,9.0225732,38.8141384
627,9.0257313,38.8060228
628,9.0219021,38.8133014
629,9.022105,38.7992641
630,9.0214247,38.8133974
631,9.013951,38.7983896
632,9.022099,38.8131127
633,9.0212006,38.8019147
634,9.0162304,38.8027136
635,9.0212788,38.8018117
636,9.0245455,38.8027019
637,9.0166579,38.8026339
638,9.0210627,38.8016004
639,9.0208756,38.8051042
640,9.0239382,38.8063931
641,9.0245342,38.805854
642,9.0207481,38.801397
643,9.0243832,38.8071173
644,9.0198117,38.8133602
645,9.023419,38.8050427
646,9.0213424,38.801758
647,9.0239832,38.805622
648,9.0234283,38.8051647
649,9.0180694,38.8021454
650,9.0227582,38.7983192
651,9.0254274,38.7994951
652,9.0196918,38.8137853
653,9.0190892,38.8171917
654,9.0196216,38.8149776
655,9.0243516,38.805028
656,9.0251964,38.7992745
657,9.0250087,38.7980037
658,9.0203304,38.8000097
659,9.0126015,38.8128492
660,9.0174428,38.8114518
661,9.0180904,38.8112853
662,9.0195965,38.8178864
663,9.0172189,38.811496
664,9.0161699,38.8135855
665,9.0188161,38.82083
666,9.0213186,38.801104
667,9.0194313,38.7983938
668,9.0200604,38.8006118
669,9.0191203,38.7992848
670,9.0118294,38.8107839
671,9.0254628,38.8163109
672,9.0180944,38.8112198
673,9.0178865,38.8112426
674,9.0258049,38.8176315
675,9.013587,38.8036315
676,9.0235298,38.805678
677,9.0126483,38.8078449
678,9.0115015,38.8061032
679,9.0106981,38.8085412
680,9.02277,38.8036049
681,9.0155109,38.7963161
682,9.0200354,38.7991587
683,9.0199003,38.7991262
684,9.0213249,38.8110726
685,9.0154279,38.7976736
686,9.0225916,38.7983139
687,9.0224053,38.8039575
688,9.021721,38.804301
689,9.0215091,38.8036425
690,9.021521,38.8038893
691,9.0106355,38.8084117
692,9.021913,38.8028821
693,9.0215329,38.8035017
694,9.011178,38.8067184
695,9.02257,38.8028419
696,9.0218389,38.8030069
697,9.0229455,38.8016463
698,9.0242646,38.7992245
699,9.0225634,38.8027588
700,9.0258212,38.8007767
701,9.0225322,38.8017335
702,9.0188388,38.8081822
703,9.0263899,38.8143613
704,9.0186613,38.8069135
705,9.0109431,38.8090599
706,9.0261188,38.8020751
707,9.0259287,38.8139813
708,9.0227362,38.8036257
709,9.0220519,38.8179571
710,9.0223341,38.8040535
711,9.0224819,38.8010636
712,9.0229349,38.801594
713,9.0222243,38.8011977
714,9.0224356,38.8010502
715,9.0221971,38.8012265
716,9.022959,38.7998683
717,9.0249298,38.8018562
718,9.0249766,38.8129969
719,9.0255894,38.801977
720,9.0255382,38.8135401
721,9.0234518,38.8052912
722,9.0253943,38.8019206
723,9.0104469,38.8080794
724,9.0252547,38.801892
725,9.0250592,38.8130036
726,9.0250146,38.8129946
727,9.0211307,38.802029
728,9.0211017,38.8017579
729,9.0245493,38.8016047
730,9.0245059,38.8005843
731,9.0248941,38.8016635
732,9.024702,38.8018037
733,9.0246944,38.8007628
734,9.024685,38.8004567
735,9.0197374,38.8169497
736,9.0246799,38.8130845
737,9.0245744,38.8131283
738,9.0246649,38.8017722
739,9.0228501,38.7974466
740,9.0246131,38.8002932
741,9.0228283,38.7974607
742,9.0141726,38.8019264
743,9.0226124,38.7973957
744,9.0226369,38.797391
745,9.0218236,38.7962604
746,9.0131951,38.8020017
747,9.0118144,38.8041693
748,9.0109257,38.8072124
749,9.0241476,38.8093559
750,9.024084,38.8103575
751,9.0240178,38.8107178
752,9.0239205,38.8114049
753,9.024448,38.801604
754,9.0140149,38.7976921
755,9.0239971,38.8045018
756,9.0243646,38.8015187
757,9.0139963,38.7975955
758,9.0244231,38.8005084
759,9.013848,38.7975123
760,9.0243101,38.8099084
761,9.0161924,38.796984
762,9.0217905,38.7969987
763,9.0242516,38.8015267
764,9.0163355,38.7970108
765,9.0216892,38.7970423
766,9.0242733,38.8102954
767,9.0163779,38.7970403
768,9.0216514,38.7970638
769,9.0242228,38.8015155
770,9.0212342,38.7977437
771,9.0130873,38.7987004
772,9.0131613,38.7984096
773,9.0226382,38.8036418
774,9.0132402,38.8009101
775,9.0139381,38.7975445
776,9.0218712,38.8071516
777,9.0219978,38.8070837
778,9.0235369,38.8116919
779,9.0235142,38.7995143
780,9.0195045,38.8029236
781,9.0238355,38.8023968
782,9.018909,38.8036613
783,9.0233645,38.8138775
784,9.0238211,38.811717
785,9.0237987,38.8103936
786,9.0237337,38.8117471
787,9.0236377,38.7990136
788,9.0235713,38.8100119
789,9.0128911,38.8005309
790,9.0235361,38.7996661
791,9.0129423,38.79932
792,9.0130044,38.7990194
793,9.0224819,38.8036659
794,9.012318,38.8008229
795,9.0156148,38.8029362
796,9.0213211,38.8117758
797,9.0212972,38.8120655
798,9.0213239,38.8028383
799,9.0212763,38.8030488
800,9.0212302,38.8031323
801,9.0211256,38.8033062
802,9.021046,38.8034654
803,9.0229487,38.8119416
804,9.0228096,38.811842
805,9.0227335,38.8081543
806,9.0227725,38.8118346
807,9.0122946,38.8040792
808,9.0226856,38.8085317
809,9.0227039,38.8083461
810,9.0231154,38.8129469
811,9.0231146,38.8000731
812,9.0230497,38.8129111
813,9.022985,38.8120092
814,9.022875,38.8124549
815,9.0225402,38.8036418
816,9.0199514,38.813209
817,9.0205342,38.8131335
818,9.0118616,38.8007875
819,9.0241707,38.8127748
820,9.0242786,38.8127198
821,9.020764,38.8083773
822,9.0242919,38.8126863
823,9.0234244,38.8048199
824,9.0238905,38.8131309
825,9.0213899,38.8080789
826,9.023237,38.8002342
827,9.0205965,38.8084075
828,9.0241819,38.812758
829,9.0138911,38.8109781
830,9.0177872,38.8036287
831,9.0201534,38.811054
832,9.022295,38.8002208
833,9.0224207,38.7996071
834,9.0231216,38.7986196
835,9.0228445,38.7970487
836,9.0229303,38.7982976
837,9.0228448,38.7982969
838,9.0228912,38.7982915
839,9.0227104,38.7983251
840,9.0211697,38.8064724
841,9.0222885,38.7982325
842,9.0210836,38.8064869
843,9.0225395,38.798549
844,9.0215277,38.8100409
845,9.0182834,38.8018056
846,9.0180901,38.802139
847,9.0209633,38.8050822
848,9.0221857,38.8012617
849,9.0221178,38.8013486
850,9.0202827,38.7998549
851,9.0183234,38.8017934
852,9.0133481,38.8119394
853,9.0226651,38.8012514
854,9.0134398,38.8119065
855,9.0224601,38.8010499
856,9.022349,38.801112
857,9.0117535,38.8056166
858,9.0222778,38.8011695
859,9.0089306,38.8038947
860,9.0225488,38.7985329
861,9.0223342,38.7982433
862,9.0235482,38.80261
863,9.0218197,38.7981943
864,9.023414,38.8027446
865,9.0213144,38.7979308
866,9.0212574,38.7976451
867,9.0240353,38.8181845
868,9.0240446,38.8182411
869,9.0240359,38.8182977
870,9.0238603,38.8180627
871,9.0240087,38.8181338
872,9.0192022,38.8094318
873,9.0238119,38.8180716
874,9.0185523,38.8096692
875,9.0188023,38.8094587
876,9.0156015,38.8028699
877,9.0225363,38.7993445
878,9.0237847,38.8184011
879,9.0237356,38.8179148
880,9.0242497,38.7962978
881,9.0182123,38.8038397
882,9.0196203,38.8032992
883,9.0197475,38.802681
884,9.0183143,38.8038357
885,9.0242852,38.7962732
886,9.0196132,38.803465
887,9.0206587,38.7987542
888,9.0175898,38.8067982
889,9.0175898,38.8074499
890,9.0155557,38.8071923
891,9.0159145,38.807387
892,9.019313,38.8068679
893,9.0193643,38.8065271
894,9.0186719,38.8107899
895,9.0205448,38.8089635
896,9.0206548,38.8088756
897,9.0207104,38.8088527
898,9.0208216,38.80885
899,9.0190988,38.8108795
900,9.0170342,38.8025412
901,9.0171688,38.8024416
902,9.0185555,38.8017234
903,9.0170878,38.8028238
904,9.0192264,38.8101557
905,9.0188239,38.8101285
906,9.0170613,38.8025817
907,9.0170992,38.8026582
908,9.0196256,38.8032228
909,9.0197845,38.8023604
910,9.0193514,38.8017167
911,9.0198879,38.8031758
912,9.0170964,38.8027232
913,9.0238773,38.8147885
914,9.0236428,38.8148743
915,9.0244336,38.8148086
916,9.0247581,38.8153651
917,9.022409,38.7994771
918,9.0215541,38.799933
919,9.0200163,38.7971811
920,9.0236911,38.818221
921,9.0237044,38.8181712
922,9.0186037,38.801711
923,9.0195376,38.8094278
924,9.0247968,38.8009441
925,9.0237403,38.8183676
926,9.0189937,38.8016084
927,9.0237311,38.8181272
928,9.0235804,38.8178328
929,9.0236486,38.8177848
930,9.0182941,38.7967567
931,9.023655,38.8179764
932,9.0195296,38.810958
933,9.0169817,38.8023466
934,9.0208865,38.8088941
935,9.0235442,38.7974667
936,9.0209787,38.8089624
937,9.0176114,38.8108409
938,9.0177911,38.8106302
939,9.0179892,38.8103827
940,9.0154715,38.7970769
941,9.0259157,38.800646
942,9.0117499,38.8108215
943,9.0242614,38.7999996
944,9.0237359,38.8032565
945,9.0181755,38.7970307
946,9.0182006,38.8095611
947,9.0182175,38.8107138
948,9.0179488,38.8095685
949,9.0211146,38.801441
950,9.0224052,38.8000193
951,9.0225011,38.7998439
952,9.024713,38.7977068
953,9.0220445,38.8045948
954,9.0215013,38.8037312
955,9.0214086,38.8017015
956,9.0224176,38.7997468
957,9.0179818,38.8112235
958,9.0116235,38.8102437
959,9.0175825,38.8113912
960,9.0173812,38.8110948
961,9.0183781,38.7970345
962,9.01891,38.7986449
963,9.0215023,38.8102174
964,9.0234014,38.8040277
965,9.0191795,38.7995691
966,9.0208488,38.7966949
967,9.0207786,38.7966862
968,9.0210958,38.8013171
969,9.0254165,38.8008596
970,9.0119187,38.8102508
971,9.0123874,38.8102509
972,9.0198097,38.8046443
973,9.0196124,38.8081969
974,9.0198388,38.8082251
975,9.020109,38.8082492
976,9.0209635,38.813926
977,9.0201329,38.8066547
978,9.0199766,38.8056864
979,9.0198349,38.8049018
980,9.0264654,38.8144049
981,9.0198057,38.8046886
982,9.0272601,38.8145202
983,9.0269236,38.814472
984,9.0265687,38.8144183
985,9.0202243,38.8082626
986,9.0186772,38.8038276
987,9.0182702,38.8100267
988,9.0185673,38.803888
989,9.0248075,38.7994818
990,9.0185739,38.8038098
991,9.0185496,38.80395
992,9.0137354,38.8077892
993,9.0254972,38.7997621
994,9.0135116,38.8079408
995,9.0178772,38.8098136
996,9.0240309,38.8169476
997,9.0217276,38.8174877
998,9.0203024,38.8075304
999,9.0203631,38.8076165
1000,9.0202773,38.8074526
1001,9.010232,38.8041166
1002,9.0208443,38.7960823
1003,9.0168838,38.8083874
1004,9.0170101,38.8081357
1005,9.0234719,38.7989185
1006,9.0117359,38.8056551
1007,9.0138228,38.808201
1008,9.0138996,38.8081647
1009,9.0148362,38.7989218
1010,9.0203778,38.807704
1011,9.0149006,38.8006701
1012,9.0209482,38.8013632
1013,9.0194641,38.8171751
1014,9.0196762,38.8141871
1015,9.0195631,38.8157711
1016,9.0212841,38.7998779
1017,9.0185025,38.8038207
1018,9.0213194,38.8000399
1019,9.0212969,38.7999982
1020,9.0214944,38.7999966
1021,9.0054559,38.8018562
1022,9.0189373,38.8201446
1023,9.0192765,38.8183142
1024,9.0188715,38.8205066
1025,9.024347,38.8027509
1026,9.0216513,38.8048084
1027,9.0237696,38.8035154
1028,9.0125425,38.7975274
1029,9.0112127,38.8001053
1030,9.0117599,38.8003638
1031,9.013246,38.8005534
1032,9.0165,38.7981673
1033,9.0148448,38.8006603
1034,9.0153373,38.8007463
1035,9.0156682,38.8010152
1036,9.0115406,38.8042776
1037,9.0134368,38.8072348
1038,9.0137114,38.8067256
1039,9.0196294,38.8035447
1040,9.0180285,38.8037629
1041,9.0124266,38.8066212
1042,9.0126899,38.8061391
1043,9.0237472,38.8044805
1044,9.0139063,38.8027641
1045,9.0104342,38.7997137
1046,9.013795,38.8028258
1047,9.013742,38.8029036
1048,9.0137049,38.8030162
1049,9.0189254,38.8037421
1050,9.0163717,38.8012821
1051,9.0186622,38.8037382
1052,9.0173975,38.8016378
1053,9.0229316,38.8113499
1054,9.0140679,38.8027051
1055,9.0229475,38.8111031
1056,9.0229342,38.8110521
1057,9.0228919,38.81102
1058,9.022676,38.8109475
1059,9.02112,38.8008205
1060,9.0211977,38.8007605
1061,9.0210641,38.800893
1062,9.0127937,38.8173366
1063,9.0124337,38.7997986
1064,9.0122747,38.7992743
1065,9.0122986,38.8004661
1066,9.0097194,38.8040154
1067,9.0239924,38.8028631
1068,9.0132523,38.7965579
1069,9.0118663,38.798827
1070,9.0187146,38.7986357
1071,9.01227,38.7989358
1072,9.0159831,38.7979696
1073,9.0136709,38.7967933
1074,9.0116693,38.7992304
1075,9.0121833,38.7982384
1076,9.0218574,38.8133226
1077,9.0229117,38.8124254
1078,9.0186789,38.797955
1079,9.012904,38.7998326
1080,9.0225342,38.8129418
1081,9.019182,38.7999211
1082,9.0119925,38.8004413
1083,9.0220071,38.813163
1084,9.0189678,38.7996067
1085,9.0219448,38.8132301
1086,9.0219223,38.8132757
1087,9.0238813,38.8131832
1088,9.0199504,38.8038848
1089,9.0126607,38.8086888
1090,9.0230905,38.8129096
1091,9.019752,38.8041019
1092,9.012581,38.8084939
1093,9.023374,38.813391
1094,9.0223475,38.8129887
1095,9.0117624,38.8040878
1096,9.0159717,38.818546
1097,9.0118228,38.7970972
1098,9.0228375,38.8124576
1099,9.0247228,38.802675
1100,9.0226614,38.8117066
1101,9.025474,38.7988825
1102,9.022717,38.8118447
1103,9.0229077,38.8119011
1104,9.0226256,38.8116784
1105,9.0226468,38.8116838
1106,9.0221034,38.8119681
1107,9.0221031,38.8120084
1108,9.0220726,38.8120291
1109,9.0225594,38.8119601
1110,9.0226601,38.8117522
1111,9.0234404,38.8044395
1112,9.0221832,38.8111889
1113,9.0132681,38.8080729
1114,9.0106177,38.8041787
1115,9.0129025,38.8082952
1116,9.0129561,38.808438
1117,9.0129395,38.8083971
1118,9.0237591,38.8042808
1119,9.020184,38.7981128
1120,9.0251942,38.8070337
1121,9.0187263,38.7987992
1122,9.0202127,38.7980002
1123,9.0187852,38.7988454
1124,9.0255916,38.8073797
1125,9.0198539,38.7976332
1126,9.0202611,38.7974994
1127,9.0217387,38.8031654
1128,9.0182398,38.8072557
1129,9.0179322,38.796247
1130,9.0178984,38.8071883
1131,9.0178941,38.8085575
1132,9.0177945,38.8090273
1133,9.0176023,38.8093957
1134,9.0128637,38.8118565
1135,9.0174042,38.8100615
1136,9.0174231,38.8107566
1137,9.0169229,38.8054664
1138,9.0198933,38.797248
1139,9.0215517,38.8040505
1140,9.0252075,38.8089274
1141,9.0198718,38.7974188
1142,9.0201157,38.7971694
1143,9.024896,38.808187
1144,9.0199544,38.7972044
1145,9.0203059,38.7971877
1146,9.0238847,38.8070703
1147,9.0168437,38.8104963
1148,9.0167059,38.8058712
1149,9.0165385,38.8061959
1150,9.0165559,38.8110989
1151,9.0163735,38.8064846
1152,9.0162638,38.8102009
1153,9.0246673,38.8093862
1154,9.0249876,38.8068085
1155,9.0234357,38.804533
1156,9.0229306,38.8074333
1157,9.0237798,38.8009862
1158,9.0225078,38.7961393
1159,9.0228022,38.8068406
1160,9.0221223,38.8155368
1161,9.0226481,38.8161698
1162,9.0212852,38.8123047
1163,9.0218119,38.7965391
1164,9.0228604,38.8078706
1165,9.0213727,38.8131745
1166,9.0220309,38.8178945
1167,9.0206812,38.8115993
1168,9.022023,38.8180098
1169,9.0151778,38.8016024
1170,9.0204693,38.8115805
1171,9.0151599,38.8021092
1172,9.0222693,38.8174331
1173,9.0159569,38.8108613
1174,9.0230092,38.7971687
1175,9.0157858,38.8018353
1176,9.0154671,38.8028165
1177,9.0245836,38.807424
1178,9.0114466,38.8006038
1179,9.0243492,38.8045232
1180,9.0223306,38.8075004
1181,9.0218085,38.7962953
1182,9.0227469,38.8065128
1183,9.0228583,38.8080496
1184,9.0207495,38.7978525
1185,9.0138771,38.8177496
1186,9.0207265,38.7972284
1187,9.0240514,38.7970364
1188,9.0207459,38.7970396
1189,9.0228651,38.8071142
1190,9.0129858,38.8092967
1191,9.0126442,38.8091416
1192,9.0152123,38.8022051
1193,9.0158308,38.8155261
1194,9.0151476,38.8015615
1195,9.0158374,38.8156052
1196,9.011022,38.8003632
1197,9.01385,38.8005902
1198,9.0155884,38.815225
1199,9.0142096,38.8152485
1200,9.0132309,38.8087943
1201,9.0141473,38.8151693
1202,9.0107714,38.7998842
1203,9.0106235,38.8001689
1204,9.0114246,38.7997214
1205,9.0229247,38.8075707
1206,9.013991,38.8179401
1207,9.0208665,38.801463
1208,9.0205635,38.8162526
1209,9.0111091,38.8094223
1210,9.0116086,38.8091263
1211,9.0162679,38.8142936
1212,9.0162441,38.8142279
1213,9.0163394,38.8143311
1214,9.0122029,38.8087486
1215,9.0161196,38.8138711
1216,9.0120493,38.8088331
1217,9.0164957,38.8136096
1218,9.0162375,38.8140629
1219,9.0161884,38.8139355
1220,9.0163871,38.8135962
1221,9.0162679,38.8135922
1222,9.0200545,38.8166821
1223,9.0162772,38.8179132
1224,9.0162957,38.8180125
1225,9.0112258,38.8081166
1226,9.0149103,38.8192999
1227,9.0156494,38.819029
1228,9.0157262,38.8189861
1229,9.0146983,38.8196379
1230,9.0162805,38.8176838
1231,9.0132711,38.7979855
1232,9.0129204,38.7963473
1233,9.0208165,38.7963185
1234,9.0209248,38.7960927
1235,9.016913,38.8176584
1236,9.0169177,38.8174788
1237,9.0169554,38.8178086
1238,9.0164732,38.8180044
1239,9.0169227,38.8177464
1240,9.0132148,38.8118664
1241,9.0163328,38.8180286
1242,9.0163938,38.8180259
1243,9.0171699,38.8182646
1244,9.0171779,38.8182163
1245,9.016603,38.8185811
1246,9.0170852,38.8183236
1247,9.0114173,38.8101674
1248,9.0190004,38.8172212
1249,9.0171779,38.8168859
1250,9.0244324,38.801037
1251,9.016177,38.8126549
1252,9.0185038,38.8021016
1253,9.0193152,38.8019712
1254,9.0135327,38.8072896
1255,9.0191807,38.801628
1256,9.0183686,38.8095877
1257,9.0182719,38.8095622
1258,9.0180825,38.8095917
1259,9.0180084,38.809589
1260,9.0178295,38.8089493
1261,9.0178494,38.8088702
1262,9.0181885,38.8093905
1263,9.0182627,38.8094053
1264,9.0167641,38.8126573
1265,9.0187223,38.8094978
1266,9.0194529,38.8035097
1267,9.0230077,38.7985591
1268,9.0249197,38.8060023
1269,9.0253631,38.8071703
1270,9.0257918,38.8055937
1271,9.0257265,38.8058584
1272,9.0212847,38.811365
1273,9.0212513,38.807099
1274,9.0242274,38.8084495
1275,9.0223052,38.8050566
1276,9.0251397,38.8060751
1277,9.0250612,38.8060762
1278,9.0123477,38.8080033
1279,9.0158276,38.8156763
1280,9.0198462,38.813361
1281,9.0129683,38.8069504
1282,9.0213311,38.8129656
1283,9.0218891,38.8009065
1284,9.0211987,38.812589
1285,9.0207779,38.8026341
1286,9.0217882,38.8007171
1287,9.0206658,38.8026553
1288,9.0219387,38.8007995
1289,9.0224304,38.7997247
1290,9.011953,38.8082298
1291,9.0216101,38.8009458
1292,9.0216461,38.8009095
1293,9.0195039,38.8183375
1294,9.0228719,38.8032838
1295,9.0191319,38.8191165
1296,9.0197579,38.8101078
1297,9.0201299,38.810139
1298,9.0239565,38.8077682
1299,9.022528,38.8074736
1300,9.0141614,38.8152128
1301,9.0141972,38.8149607
1302,9.0242456,38.8068853
1303,9.0130133,38.8076261
1304,9.0144091,38.8133836
1305,9.0259963,38.8005322
1306,9.0149019,38.8132313
1307,9.0141642,38.8089354
1308,9.0208691,38.7958715
1309,9.0218236,38.8011221
1310,9.01924,38.8100731
1311,9.0252009,38.8090373
1312,9.015769,38.8158358
1313,9.0194498,38.8100829
1314,9.0207195,38.7982264
1315,9.0193986,38.8004838
1316,9.022789,38.8074468
1317,9.0123784,38.8073395
1318,9.0117239,38.8077441
1319,9.024827,38.8155247
1320,9.0228215,38.8034272
1321,9.0208331,38.7968478
1322,9.0257462,38.8176933
1323,9.0258826,38.8164407
1324,9.0258005,38.8162959
1325,9.0259912,38.8164917
1326,9.0264852,38.8168578
1327,9.0227919,38.8035412
1328,9.0267738,38.8080317
1329,9.0261053,38.8082553
1330,9.0262391,38.8083235
1331,9.0245782,38.8083143
1332,9.0249536,38.8092436
1333,9.0232542,38.8036824
1334,9.0245537,38.8093255
1335,9.0240945,38.8066302
1336,9.0245328,38.8092505
1337,9.0136281,38.8030966
1338,9.0238336,38.8064663
1339,9.024014,38.8064904
1340,9.0108911,38.8043618
1341,9.0192389,38.8021851
1342,9.0220788,38.8071336
1343,9.0101841,38.8041958
1344,9.023708,38.8017225
1345,9.0254283,38.817928
1346,9.0254985,38.8178596
1347,9.0218936,38.8076962
1348,9.0150827,38.8080952
1349,9.021963,38.8079964
1350,9.0221859,38.80799
1351,9.0222215,38.8079722
1352,9.0216126,38.7998445
1353,9.0246606,38.8060612
1354,9.0229496,38.8102331
1355,9.0221308,38.8097397
1356,9.0213498,38.8077958
1357,9.0221308,38.8073185
1358,9.0079551,38.8033797
1359,9.0132679,38.8023509
1360,9.0158072,38.8067285
1361,9.0219662,38.7991783
1362,9.021281,38.8125605
1363,9.0217821,38.7990536
1364,9.0191654,38.8074128
1365,9.0190878,38.8077678
1366,9.0193341,38.8090694
1367,9.0191991,38.8085993
1368,9.018659,38.8085308
1369,9.0187713,38.8085429
1370,9.0186029,38.8090019
1371,9.0189686,38.8094294
1372,9.0184845,38.8077335
1373,9.018664,38.8095421
1374,9.0197024,38.8094509
1375,9.0182163,38.8094495
1376,9.0181872,38.8093315
1377,9.018313,38.809357
1378,9.0243111,38.8097969
1379,9.0242819,38.8096936
1380,9.0242448,38.8096386
1381,9.0243005,38.8097325
1382,9.0245806,38.8093892
1383,9.0199784,38.8014833
1384,9.0235919,38.8079669
1385,9.0242303,38.8095997
1386,9.0247978,38.8093328
1387,9.0221144,38.8141005
1388,9.0222336,38.8140629
1389,9.0155256,38.8151163
1390,9.0230508,38.8101469
1391,9.0237786,38.8117448
1392,9.0205268,38.7993138
1393,9.015833,38.808492
1394,9.0165256,38.8070841
1395,9.0201919,38.8014492
1396,9.0202825,38.8014069
1397,9.0200569,38.8015507
1398,9.0201092,38.8014898
1399,9.0236031,38.8097841
1400,9.0154168,38.7991377
1401,9.0203845,38.8013773
1402,9.0220442,38.8070878
1403,9.0204878,38.8013358
1404,9.0222084,38.8074298
1405,9.0219952,38.8080065
1406,9.0221541,38.8073695
1407,9.0225046,38.7967408
1408,9.022864,38.8079797
1409,9.0235779,38.8099008
1410,9.0205859,38.8012969
1411,9.0227607,38.8081151
1412,9.0206772,38.801262
1413,9.0228243,38.8080829
1414,9.0235925,38.8098519
1415,9.0206097,38.7989812
1416,9.0235674,38.8099632
1417,9.0221209,38.8153402
1418,9.0215733,38.8095977
1419,9.0214879,38.8095045
1420,9.02076,38.80884
1421,9.0219515,38.8079663
1422,9.0206868,38.7985377
1423,9.0219243,38.8077001
1424,9.0219382,38.8077289
1425,9.0159488,38.8175191
1426,9.017213,38.8174471
1427,9.0151084,38.8174128
1428,9.0237554,38.8031772
1429,9.0207823,38.8012096
1430,9.0244005,38.8056971
1431,9.0208594,38.8011642
1432,9.0248389,38.8065755
1433,9.0189029,38.8020474
1434,9.0200123,38.8042818
1435,9.0138029,38.8034284
1436,9.0177371,38.7955631
1437,9.0155489,38.802971
1438,9.0155716,38.8027788
1439,9.015064,38.8032581
1440,9.019332,38.8022813
1441,9.0149569,38.8030901
1442,9.0209428,38.8010915
1443,9.0210063,38.8010098
1444,9.0157173,38.812659
1445,9.0256203,38.8060297
1446,9.0149728,38.8126666
1447,9.0148253,38.8126639
1448,9.0240203,38.8051794
1449,9.0192041,38.8015103
1450,9.0240521,38.8049032
1451,9.0245448,38.8056247
1452,9.019191,38.8017476
1453,9.0244699,38.8056587
1454,9.0263566,38.8082555
1455,9.0237753,38.8047758
1456,9.0196345,38.8020716
1457,9.0237753,38.8036144
1458,9.0240468,38.8048757
1459,9.019942,38.8018871
1460,9.0238005,38.8048187
1461,9.0224714,38.7996544
1462,9.0237435,38.8033783
1463,9.0213839,38.8015891
1464,9.0156396,38.8133219
1465,9.0242779,38.79637
1466,9.0239466,38.7969268
1467,9.0217457,38.8011362
1468,9.0198084,38.7991378
1469,9.0189666,38.798715
1470,9.0190143,38.7988186
1471,9.0179842,38.8022571
1472,9.0159349,38.8138234
1473,9.0197753,38.798207
1474,9.0223658,38.7982548
1475,9.019864,38.7982164
1476,9.0160898,38.8135887
1477,9.0194461,38.7983596
1478,9.0257568,38.8056824
1479,9.0216974,38.7996197
1480,9.0194332,38.798379
1481,9.0257223,38.8057427
1482,9.0210571,38.7994393
1483,9.018757,38.802046
1484,9.0159203,38.8135981
1485,9.0190036,38.8020647
1486,9.0245889,38.8115887
1487,9.0164965,38.8143143
1488,9.0245599,38.8113392
1489,9.0211049,38.8018883
1490,9.0088005,38.8038324
1491,9.0161508,38.8138932
1492,9.0163031,38.814321
1493,9.0244658,38.8112149
1494,9.0243099,38.8110017
1495,9.0174997,38.8020435
1496,9.0245943,38.8116967
1497,9.0194301,38.802462
1498,9.0201765,38.8065254
1499,9.0157124,38.8153657
1500,9.0243572,38.7962349
1501,9.0203995,38.8083148
1502,9.0184971,38.802013
1503,9.0248924,38.8121425
1504,9.0149421,38.8033132
1505,9.0247147,38.8118296
1506,9.012844,38.8041025
1507,9.0249526,38.8127296
1508,9.0113008,38.8043701
1509,9.0249088,38.8124361
1510,9.0093253,38.8040476
1511,9.0227402,38.8064425
1512,9.0202866,38.8093629
1513,9.0212715,38.8011555
1514,9.0216072,38.8010389
1515,9.0198412,38.8116207
1516,9.021295,38.8015199
1517,9.0212285,38.8013889
1518,9.0197743,38.8122284
1519,9.0217608,38.8014876
1520,9.0216835,38.8010773
1521,9.0218013,38.8013952
1522,9.0254482,38.799208
1523,9.0232952,38.7973162
1524,9.0175103,38.8023288
1525,9.0164229,38.8027185
1526,9.0154892,38.8191173
1527,9.0152103,38.8191656
1528,9.025489,38.7984787
1529,9.0119811,38.8172691
1530,9.00988,38.8041441
1531,9.0139699,38.8178223
1532,9.0215962,38.8041561
1533,9.0129822,38.8173864
1534,9.0237064,38.8161319
1535,9.0233934,38.8133501
1536,9.0147704,38.8194632
1537,9.0233933,38.8132795
1538,9.0232472,38.8135538
1539,9.0095591,38.8041327
1540,9.0210909,38.8021008
1541,9.017401,38.8023704
1542,9.0118065,38.8043375
1543,9.0123754,38.804238
1544,9.010424,38.8043251
1545,9.0097926,38.804207
1546,9.0209092,38.8022378
1547,9.0033783,38.8005828
1548,9.0189235,38.8019084
1549,9.0038807,38.8008946
1550,9.0130213,38.7978143
1551,9.0037201,38.8007917
1552,9.003579,38.8007028
1553,9.0133333,38.7973233
1554,9.0129302,38.7970986
1555,9.0257765,38.800791
1556,9.0187302,38.8019487
1557,9.0193345,38.8002332
1558,9.0101637,38.8042796
1559,9.0190713,38.8005878
1560,9.0187203,38.8016803
1561,9.0214561,38.8177738
1562,9.0137801,38.8186794
1563,9.0044075,38.8012047
1564,9.0212654,38.8179722
1565,9.0041684,38.8010686
1566,9.0040075,38.8009744
1567,9.0209051,38.8182673
1568,9.0245357,38.7997107
1569,9.0209342,38.8182136
1570,9.0051039,38.8016373
1571,9.004894,38.8015065
1572,9.0047585,38.8014197
1573,9.0045853,38.8013144
1574,9.0058629,38.8021046
1575,9.0056579,38.8019759
1576,9.0052619,38.8017358
1577,9.0246374,38.7995709
1578,9.0245611,38.799543
1579,9.0244575,38.7995004
1580,9.0244282,38.7994752
1581,9.0244153,38.7993409
1582,9.0243712,38.798349
1583,9.0247587,38.7985448
1584,9.02326,38.7987835
1585,9.0165151,38.8103169
1586,9.0166459,38.8100754
1587,9.0164943,38.8092947
1588,9.0238783,38.8029589
1589,9.0205482,38.8076094
1590,9.0123123,38.7979859
1591,9.0237304,38.8001839
1592,9.012178,38.7973108
1593,9.0125686,38.7968796
1594,9.0239677,38.8180942
1595,9.0239166,38.8180697
1596,9.0253557,38.7983571
1597,9.0224598,38.7995185
1598,9.0237676,38.8180936
1599,9.0236924,38.8182726
1600,9.0189385,38.7987777
1601,9.0215843,38.8033898
1602,9.0192815,38.8003903
1603,9.0190577,38.799299
1604,9.0240091,38.8134498
1605,9.0238743,38.8131513
1606,9.0242168,38.813034
1607,9.024172,38.8127963
1608,9.0137861,38.8077448
1609,9.0114313,38.8091923
1610,9.013942,38.8075053
1611,9.0105342,38.8042466
1612,9.0138286,38.807688
1613,9.0242962,38.8132756
1614,9.0146814,38.8079018
1615,9.0242903,38.8127054
1616,9.0242704,38.8126059
1617,9.0135149,38.8000431
1618,9.0141697,38.7994253
1619,9.0141866,38.7993762
1620,9.0142392,38.7985634
1621,9.0246348,38.8163494
1622,9.0116678,38.8007156
1623,9.0218942,38.8142232
1624,9.021704,38.8142719
1625,9.0215161,38.8136935
1626,9.0232629,38.8075376
1627,9.0093548,38.8038863
1628,9.0232386,38.815642
1629,9.0233316,38.8172477